{
    "name": "My Codespace",
    "image": "mcr.microsoft.com/vscode/devcontainers/python:3.8",
    "features": {
        "ghcr.io/devcontainers/features/sshd:1": {
            "version": "latest"
        }
    },
    "postStartCommand": "python3 /workspaces/BGMI-BOY/sahil.py",
    "customizations": {
        "vscode": {
            "settings": {
                "python.pythonPath": "/usr/local/bin/python"
            },
            "extensions": [
                "ms-python.python"
            ]
        }
    }
}

